{"0": [40.702345, -74.013804], "1": [40.747151, -73.989714], "2": [40.708823, -74.012256], "3": [40.727172, -74.003355], "4": [40.740908, -73.990041], "5": [40.755005, -73.980472]}
