{"0": [40.7294, -73.993516], "1": [40.727539, -73.9951], "2": [40.726263, -73.996172], "3": [40.722843, -73.999066], "4": [40.720690999999995, -74.00089100000001], "5": [40.718758, -74.002543], "6": [40.715865, -74.004977], "7": [40.712679, -74.007665], "8": [40.709969, -74.00994200000001], "9": [40.707553999999995, -74.01196], "10": [40.749477, -73.983921], "11": [40.747494, -73.985338], "12": [40.746263, -73.98626800000001], "13": [40.745072, -73.987134], "14": [40.743132, -73.988487], "15": [40.741240000000005, -73.990062], "16": [40.739407, -73.99126], "17": [40.73767, -73.99252299999999], "18": [40.734469, -73.994847], "19": [40.733222999999995, -73.995749], "20": [40.731996, -73.995926], "21": [40.731417, -73.994502], "22": [40.730709000000004, -73.992838], "23": [40.753190999999994, -73.981154], "24": [40.750927000000004, -73.98280799999999], "25": [40.735713, -73.99395200000001], "26": [40.725107, -73.997106], "27": [40.70335, -74.014524], "28": [40.711896, -74.008313], "29": [40.724012, -73.99808399999999], "30": [40.713788, -74.006743], "31": [40.71755, -74.003528], "32": [40.755891, -73.982784], "33": [40.702371, -74.01304]}
