{"0": [40.704217, -74.014276], "1": [40.73688, -73.992974], "2": [40.755891, -73.982784]}