{"0": [40.755955, -73.982737], "1": [40.754782, -73.979939], "2": [40.754252, -73.980319], "3": [40.754212, -73.980349], "4": [40.754142, -73.980399], "5": [40.753671999999995, -73.980739], "6": [40.753471999999995, -73.980879], "7": [40.753170000000004, -73.981103], "8": [40.753170000000004, -73.981103], "9": [40.750903, -73.98275500000001], "10": [40.750903, -73.98275500000001], "11": [40.750341999999996, -73.983179], "12": [40.749722, -73.98361899999999], "13": [40.749437, -73.983827], "14": [40.749437, -73.983827], "15": [40.749092, -73.98407900000001], "16": [40.748432, -73.98455899999999], "17": [40.748272, -73.984679], "18": [40.747762, -73.985049], "19": [40.747463, -73.985265], "20": [40.747463, -73.985265], "21": [40.747142, -73.985499], "22": [40.746532, -73.985949], "23": [40.746221999999996, -73.98616899999999], "24": [40.746221999999996, -73.98616899999999], "25": [40.745912, -73.986389], "26": [40.745292, -73.98684899999999], "27": [40.745031, -73.987038], "28": [40.745031, -73.987038], "29": [40.744671999999994, -73.987299], "30": [40.744052, -73.987749], "31": [40.743672, -73.988029], "32": [40.743432, -73.988199], "33": [40.743107, -73.988426], "34": [40.743107, -73.988426], "35": [40.742802000000005, -73.988639], "36": [40.742312, -73.988979], "37": [40.741892, -73.98927900000001], "38": [40.741532, -73.98956899999999], "39": [40.74115, -73.989857], "40": [40.74115, -73.989857], "41": [40.740871999999996, -73.99006899999999], "42": [40.740252000000005, -73.99051899999999], "43": [40.739662, -73.990939], "44": [40.739365, -73.991164], "45": [40.739365, -73.991164], "46": [40.739082, -73.99137900000001], "47": [40.738492, -73.991799], "48": [40.737902000000005, -73.99221899999999], "49": [40.737626, -73.992423], "50": [40.737626, -73.992423], "51": [40.737322, -73.992649], "52": [40.736682, -73.993119], "53": [40.735991999999996, -73.993619], "54": [40.735669, -73.993847], "55": [40.735669, -73.993847], "56": [40.735302000000004, -73.994109], "57": [40.734662, -73.994589], "58": [40.734431, -73.994755], "59": [40.734431, -73.994755], "60": [40.734021999999996, -73.995049], "61": [40.733432, -73.995489], "62": [40.733187, -73.99566300000001], "63": [40.733187, -73.99566300000001], "64": [40.732842, -73.995909], "65": [40.732242, -73.996349], "66": [40.73205, -73.995888], "67": [40.73205, -73.995888], "68": [40.731592, -73.994789], "69": [40.731458, -73.994472], "70": [40.731458, -73.994472], "71": [40.731272, -73.994029], "72": [40.730942, -73.993249], "73": [40.730754, -73.992805], "74": [40.730754, -73.992805], "75": [40.730582, -73.992399], "76": [40.730072, -73.992829], "77": [40.729572, -73.993259], "78": [40.729357, -73.99344], "79": [40.729357, -73.99344], "80": [40.729002, -73.993739], "81": [40.728402, -73.994259], "82": [40.727802000000004, -73.994749], "83": [40.727494, -73.995011], "84": [40.727494, -73.995011], "85": [40.727191999999995, -73.995269], "86": [40.726532, -73.995839], "87": [40.726233, -73.996095], "88": [40.726233, -73.996095], "89": [40.726112, -73.996199], "90": [40.725412, -73.996809], "91": [40.725142, -73.997029], "92": [40.72509, -73.997069], "93": [40.72509, -73.997069], "94": [40.724702, -73.99736899999999], "95": [40.724222, -73.997749], "96": [40.723964, -73.997968], "97": [40.723964, -73.997968], "98": [40.723692, -73.998199], "99": [40.723002, -73.998779], "100": [40.722787, -73.998954], "101": [40.722787, -73.998954], "102": [40.722402, -73.999269], "103": [40.721752, -73.999829], "104": [40.721371999999995, -74.000149], "105": [40.720822, -74.000629], "106": [40.720638, -74.000786], "107": [40.720638, -74.000786], "108": [40.720402, -74.000989], "109": [40.719892, -74.001429], "110": [40.719732, -74.001559], "111": [40.719682, -74.001599], "112": [40.719372, -74.00184899999999], "113": [40.719122, -74.00206899999999], "114": [40.718882, -74.002279], "115": [40.718703999999995, -74.00243], "116": [40.718703999999995, -74.00243], "117": [40.718612, -74.002509], "118": [40.718302, -74.002779], "119": [40.718002, -74.003019], "120": [40.717504999999996, -74.003437], "121": [40.717504999999996, -74.003437], "122": [40.717432, -74.003499], "123": [40.716832000000004, -74.003989], "124": [40.716621999999994, -74.00416899999999], "125": [40.716252000000004, -74.004489], "126": [40.715796000000005, -74.004885], "127": [40.715796000000005, -74.004885], "128": [40.715722, -74.004949], "129": [40.715222, -74.00541899999999], "130": [40.714672, -74.00587900000001], "131": [40.714162, -74.006279], "132": [40.713738, -74.006641], "133": [40.713738, -74.006641], "134": [40.713612, -74.006749], "135": [40.713052000000005, -74.007199], "136": [40.712629, -74.00756700000001], "137": [40.712629, -74.00756700000001], "138": [40.712512, -74.00766899999999], "139": [40.712452, -74.007719], "140": [40.712171999999995, -74.00793900000001], "141": [40.711952000000004, -74.00810899999999], "142": [40.711842, -74.008206], "143": [40.711842, -74.008206], "144": [40.711692, -74.008339], "145": [40.711392, -74.008629], "146": [40.711141999999995, -74.008849], "147": [40.710882, -74.009069], "148": [40.710671999999995, -74.009249], "149": [40.710402, -74.009469], "150": [40.710322, -74.009539], "151": [40.709933, -74.009869], "152": [40.709933, -74.009869], "153": [40.709792, -74.009989], "154": [40.709502, -74.01021899999999], "155": [40.709112, -74.01051899999999], "156": [40.708762, -74.010809], "157": [40.708702, -74.010859], "158": [40.708622, -74.010929], "159": [40.708532, -74.010999], "160": [40.708282000000004, -74.011219], "161": [40.707752, -74.011699], "162": [40.707521, -74.011891], "163": [40.707521, -74.011891], "164": [40.707452, -74.011949], "165": [40.706882, -74.01240899999999], "166": [40.706812, -74.012469], "167": [40.706771999999994, -74.012509], "168": [40.706752, -74.012529], "169": [40.706512, -74.01271899999999], "170": [40.706292, -74.012899], "171": [40.705861999999996, -74.013249], "172": [40.705762, -74.013329], "173": [40.705612, -74.013459], "174": [40.705442, -74.013599], "175": [40.705292, -74.013719], "176": [40.705132, -74.013839], "177": [40.704952, -74.013959], "178": [40.704692, -74.014119], "179": [40.704582, -74.014179], "180": [40.704452, -74.014229], "181": [40.704312, -74.014259], "182": [40.703592, -74.01438900000001], "183": [40.703382, -74.014429], "184": [40.703333, -74.014433], "185": [40.703333, -74.014433], "186": [40.703162, -74.014449], "187": [40.703062, -74.014429], "188": [40.702932000000004, -74.01436899999999], "189": [40.702702, -74.014239], "190": [40.702571999999996, -74.014129], "191": [40.702452, -74.01396899999999], "192": [40.702342, -74.013799], "193": [40.702362, -74.013269], "194": [40.702379, -74.013041]}
